first_name,last_name,job_title,salary
JOSE ,HERNADEZ,DEVELOPER,1000
CARLOS ,RITO,DEVELOPER,23323
MARTIN ,VILLEGAS,DEVELOPER,2312
AMRNADO,REZA,DEVELOPER,321
BETZA,GONZALES,DEVELOPER,3213
ARLOS,PERES,DEVELOPER,1231231
JOSE ,HERNADEZ,DEVELOPER,1000
CARLOS ,RITO,DEVELOPER,23323
MARTIN ,VILLEGAS,DEVELOPER,2312
AMRNADO,REZA,DEVELOPER,321
BETZA,GONZALES,DEVELOPER,3213
ARLOS,PERES,DEVELOPER,1231231
JOSE ,HERNADEZ,DEVELOPER,1000
CARLOS ,RITO,DEVELOPER,23323
MARTIN ,VILLEGAS,DEVELOPER,2312
AMRNADO,REZA,DEVELOPER,321
BETZA,GONZALES,DEVELOPER,3213
ARLOS,PERES,DEVELOPER,1231231
JOSE ,HERNADEZ,DEVELOPER,1000
CARLOS ,RITO,DEVELOPER,23323
MARTIN ,VILLEGAS,DEVELOPER,2312
AMRNADO,REZA,DEVELOPER,321
BETZA,GONZALES,DEVELOPER,3213
ARLOS,PERES,DEVELOPER,1231231
JOSE ,HERNADEZ,DEVELOPER,1000
CARLOS ,RITO,DEVELOPER,23323
MARTIN ,VILLEGAS,DEVELOPER,2312
AMRNADO,REZA,DEVELOPER,321
BETZA,GONZALES,DEVELOPER,3213
ARLOS,PERES,DEVELOPER,1231231
JOSE ,HERNADEZ,DEVELOPER,1000
CARLOS ,RITO,DEVELOPER,23323
MARTIN ,VILLEGAS,DEVELOPER,2312
AMRNADO,REZA,DEVELOPER,321
BETZA,GONZALES,DEVELOPER,3213
ARLOS,PERES,DEVELOPER,1231231
JOSE ,HERNADEZ,DEVELOPER,1000
CARLOS ,RITO,DEVELOPER,23323
MARTIN ,VILLEGAS,DEVELOPER,2312
AMRNADO,REZA,DEVELOPER,321
BETZA,GONZALES,DEVELOPER,3213
ARLOS,PERES,DEVELOPER,1231231
JOSE ,HERNADEZ,DEVELOPER,1000
CARLOS ,RITO,DEVELOPER,23323
MARTIN ,VILLEGAS,DEVELOPER,2312
AMRNADO,REZA,DEVELOPER,321
BETZA,GONZALES,DEVELOPER,3213
ARLOS,PERES,DEVELOPER,1231231
JOSE ,HERNADEZ,DEVELOPER,1000
CARLOS ,RITO,DEVELOPER,23323
MARTIN ,VILLEGAS,DEVELOPER,2312
AMRNADO,REZA,DEVELOPER,321
BETZA,GONZALES,DEVELOPER,3213
ARLOS,PERES,DEVELOPER,1231231
JOSE ,HERNADEZ,DEVELOPER,1000
CARLOS ,RITO,DEVELOPER,23323
MARTIN ,VILLEGAS,DEVELOPER,2312
AMRNADO,REZA,DEVELOPER,321
BETZA,GONZALES,DEVELOPER,3213
ARLOS,PERES,DEVELOPER,1231231
JOSE ,HERNADEZ,DEVELOPER,1000
CARLOS ,RITO,DEVELOPER,23323
MARTIN ,VILLEGAS,DEVELOPER,2312
AMRNADO,REZA,DEVELOPER,321
BETZA,GONZALES,DEVELOPER,3213
ARLOS,PERES,DEVELOPER,1231231
JOSE ,HERNADEZ,DEVELOPER,1000
CARLOS ,RITO,DEVELOPER,23323
MARTIN ,VILLEGAS,DEVELOPER,2312
AMRNADO,REZA,DEVELOPER,321
BETZA,GONZALES,DEVELOPER,3213
ARLOS,PERES,DEVELOPER,1231231
JOSE ,HERNADEZ,DEVELOPER,1000
CARLOS ,RITO,DEVELOPER,23323
MARTIN ,VILLEGAS,DEVELOPER,2312
AMRNADO,REZA,DEVELOPER,321
BETZA,GONZALES,DEVELOPER,3213
ARLOS,PERES,DEVELOPER,1231231
JOSE ,HERNADEZ,DEVELOPER,1000
CARLOS ,RITO,DEVELOPER,23323
MARTIN ,VILLEGAS,DEVELOPER,2312
AMRNADO,REZA,DEVELOPER,321
BETZA,GONZALES,DEVELOPER,3213
ARLOS,PERES,DEVELOPER,1231231
JOSE ,HERNADEZ,DEVELOPER,1000
CARLOS ,RITO,DEVELOPER,23323
MARTIN ,VILLEGAS,DEVELOPER,2312
AMRNADO,REZA,DEVELOPER,321
BETZA,GONZALES,DEVELOPER,3213
ARLOS,PERES,DEVELOPER,1231231
JOSE ,HERNADEZ,DEVELOPER,1000
CARLOS ,RITO,DEVELOPER,23323
MARTIN ,VILLEGAS,DEVELOPER,2312
AMRNADO,REZA,DEVELOPER,321
BETZA,GONZALES,DEVELOPER,3213
ARLOS,PERES,DEVELOPER,1231231
JOSE ,HERNADEZ,DEVELOPER,1000
CARLOS ,RITO,DEVELOPER,23323
MARTIN ,VILLEGAS,DEVELOPER,2312
AMRNADO,REZA,DEVELOPER,321
BETZA,GONZALES,DEVELOPER,3213
ARLOS,PERES,DEVELOPER,1231231
JOSE ,HERNADEZ,DEVELOPER,1000
CARLOS ,RITO,DEVELOPER,23323
MARTIN ,VILLEGAS,DEVELOPER,2312
AMRNADO,REZA,DEVELOPER,321
BETZA,GONZALES,DEVELOPER,3213
ARLOS,PERES,DEVELOPER,1231231
JOSE ,HERNADEZ,DEVELOPER,1000
CARLOS ,RITO,DEVELOPER,23323
MARTIN ,VILLEGAS,DEVELOPER,2312
AMRNADO,REZA,DEVELOPER,321
BETZA,GONZALES,DEVELOPER,3213
ARLOS,PERES,DEVELOPER,1231231
JOSE ,HERNADEZ,DEVELOPER,1000
CARLOS ,RITO,DEVELOPER,23323
MARTIN ,VILLEGAS,DEVELOPER,2312
AMRNADO,REZA,DEVELOPER,321
BETZA,GONZALES,DEVELOPER,3213
ARLOS,PERES,DEVELOPER,1231231
JOSE ,HERNADEZ,DEVELOPER,1000
CARLOS ,RITO,DEVELOPER,23323
MARTIN ,VILLEGAS,DEVELOPER,2312
AMRNADO,REZA,DEVELOPER,321
BETZA,GONZALES,DEVELOPER,3213
ARLOS,PERES,DEVELOPER,1231231
JOSE ,HERNADEZ,DEVELOPER,1000
CARLOS ,RITO,DEVELOPER,23323
MARTIN ,VILLEGAS,DEVELOPER,2312
AMRNADO,REZA,DEVELOPER,321
BETZA,GONZALES,DEVELOPER,3213
ARLOS,PERES,DEVELOPER,1231231
JOSE ,HERNADEZ,DEVELOPER,1000
CARLOS ,RITO,DEVELOPER,23323
MARTIN ,VILLEGAS,DEVELOPER,2312
AMRNADO,REZA,DEVELOPER,321
BETZA,GONZALES,DEVELOPER,3213
ARLOS,PERES,DEVELOPER,1231231
JOSE ,HERNADEZ,DEVELOPER,1000
CARLOS ,RITO,DEVELOPER,23323
MARTIN ,VILLEGAS,DEVELOPER,2312
AMRNADO,REZA,DEVELOPER,321
BETZA,GONZALES,DEVELOPER,3213
ARLOS,PERES,DEVELOPER,1231231
JOSE ,HERNADEZ,DEVELOPER,1000
CARLOS ,RITO,DEVELOPER,23323
MARTIN ,VILLEGAS,DEVELOPER,2312
AMRNADO,REZA,DEVELOPER,321
BETZA,GONZALES,DEVELOPER,3213
ARLOS,PERES,DEVELOPER,1231231
JOSE ,HERNADEZ,DEVELOPER,1000
CARLOS ,RITO,DEVELOPER,23323
MARTIN ,VILLEGAS,DEVELOPER,2312
AMRNADO,REZA,DEVELOPER,321
BETZA,GONZALES,DEVELOPER,3213
ARLOS,PERES,DEVELOPER,1231231
JOSE ,HERNADEZ,DEVELOPER,1000
CARLOS ,RITO,DEVELOPER,23323
MARTIN ,VILLEGAS,DEVELOPER,2312
AMRNADO,REZA,DEVELOPER,321
BETZA,GONZALES,DEVELOPER,3213
ARLOS,PERES,DEVELOPER,1231231
JOSE ,HERNADEZ,DEVELOPER,1000
CARLOS ,RITO,DEVELOPER,23323
MARTIN ,VILLEGAS,DEVELOPER,2312
AMRNADO,REZA,DEVELOPER,321
BETZA,GONZALES,DEVELOPER,3213
ARLOS,PERES,DEVELOPER,1231231
JOSE ,HERNADEZ,DEVELOPER,1000
CARLOS ,RITO,DEVELOPER,23323
MARTIN ,VILLEGAS,DEVELOPER,2312
AMRNADO,REZA,DEVELOPER,321
BETZA,GONZALES,DEVELOPER,3213
ARLOS,PERES,DEVELOPER,1231231
JOSE ,HERNADEZ,DEVELOPER,1000
CARLOS ,RITO,DEVELOPER,23323
MARTIN ,VILLEGAS,DEVELOPER,2312
AMRNADO,REZA,DEVELOPER,321
BETZA,GONZALES,DEVELOPER,3213
ARLOS,PERES,DEVELOPER,1231231
JOSE ,HERNADEZ,DEVELOPER,1000
CARLOS ,RITO,DEVELOPER,23323
MARTIN ,VILLEGAS,DEVELOPER,2312
AMRNADO,REZA,DEVELOPER,321
BETZA,GONZALES,DEVELOPER,3213
ARLOS,PERES,DEVELOPER,1231231
JOSE ,HERNADEZ,DEVELOPER,1000
CARLOS ,RITO,DEVELOPER,23323
MARTIN ,VILLEGAS,DEVELOPER,2312
AMRNADO,REZA,DEVELOPER,321
BETZA,GONZALES,DEVELOPER,3213
ARLOS,PERES,DEVELOPER,1231231
JOSE ,HERNADEZ,DEVELOPER,1000
CARLOS ,RITO,DEVELOPER,23323
MARTIN ,VILLEGAS,DEVELOPER,2312
AMRNADO,REZA,DEVELOPER,321
BETZA,GONZALES,DEVELOPER,3213
ARLOS,PERES,DEVELOPER,1231231
JOSE ,HERNADEZ,DEVELOPER,1000
CARLOS ,RITO,DEVELOPER,23323
MARTIN ,VILLEGAS,DEVELOPER,2312
AMRNADO,REZA,DEVELOPER,321
BETZA,GONZALES,DEVELOPER,3213
ARLOS,PERES,DEVELOPER,1231231
JOSE ,HERNADEZ,DEVELOPER,1000
CARLOS ,RITO,DEVELOPER,23323
MARTIN ,VILLEGAS,DEVELOPER,2312
AMRNADO,REZA,DEVELOPER,321
BETZA,GONZALES,DEVELOPER,3213
ARLOS,PERES,DEVELOPER,1231231
JOSE ,HERNADEZ,DEVELOPER,1000
CARLOS ,RITO,DEVELOPER,23323
MARTIN ,VILLEGAS,DEVELOPER,2312
AMRNADO,REZA,DEVELOPER,321
BETZA,GONZALES,DEVELOPER,3213
ARLOS,PERES,DEVELOPER,1231231
JOSE ,HERNADEZ,DEVELOPER,1000
CARLOS ,RITO,DEVELOPER,23323
MARTIN ,VILLEGAS,DEVELOPER,2312
AMRNADO,REZA,DEVELOPER,321
BETZA,GONZALES,DEVELOPER,3213
ARLOS,PERES,DEVELOPER,1231231
JOSE ,HERNADEZ,DEVELOPER,1000
CARLOS ,RITO,DEVELOPER,23323
MARTIN ,VILLEGAS,DEVELOPER,2312
AMRNADO,REZA,DEVELOPER,321
BETZA,GONZALES,DEVELOPER,3213
ARLOS,PERES,DEVELOPER,1231231
JOSE ,HERNADEZ,DEVELOPER,1000
CARLOS ,RITO,DEVELOPER,23323
MARTIN ,VILLEGAS,DEVELOPER,2312
AMRNADO,REZA,DEVELOPER,321
BETZA,GONZALES,DEVELOPER,3213
ARLOS,PERES,DEVELOPER,1231231
JOSE ,HERNADEZ,DEVELOPER,1000
CARLOS ,RITO,DEVELOPER,23323
MARTIN ,VILLEGAS,DEVELOPER,2312
AMRNADO,REZA,DEVELOPER,321
BETZA,GONZALES,DEVELOPER,3213
ARLOS,PERES,DEVELOPER,1231231
JOSE ,HERNADEZ,DEVELOPER,1000
CARLOS ,RITO,DEVELOPER,23323
MARTIN ,VILLEGAS,DEVELOPER,2312
AMRNADO,REZA,DEVELOPER,321
BETZA,GONZALES,DEVELOPER,3213
ARLOS,PERES,DEVELOPER,1231231
JOSE ,HERNADEZ,DEVELOPER,1000
CARLOS ,RITO,DEVELOPER,23323
MARTIN ,VILLEGAS,DEVELOPER,2312
AMRNADO,REZA,DEVELOPER,321
BETZA,GONZALES,DEVELOPER,3213
ARLOS,PERES,DEVELOPER,1231231
JOSE ,HERNADEZ,DEVELOPER,1000
CARLOS ,RITO,DEVELOPER,23323
MARTIN ,VILLEGAS,DEVELOPER,2312
AMRNADO,REZA,DEVELOPER,321
BETZA,GONZALES,DEVELOPER,3213
ARLOS,PERES,DEVELOPER,1231231
JOSE ,HERNADEZ,DEVELOPER,1000
CARLOS ,RITO,DEVELOPER,23323
MARTIN ,VILLEGAS,DEVELOPER,2312
AMRNADO,REZA,DEVELOPER,321
BETZA,GONZALES,DEVELOPER,3213
ARLOS,PERES,DEVELOPER,1231231
JOSE ,HERNADEZ,DEVELOPER,1000
CARLOS ,RITO,DEVELOPER,23323
MARTIN ,VILLEGAS,DEVELOPER,2312
AMRNADO,REZA,DEVELOPER,321
BETZA,GONZALES,DEVELOPER,3213
ARLOS,PERES,DEVELOPER,1231231
JOSE ,HERNADEZ,DEVELOPER,1000
CARLOS ,RITO,DEVELOPER,23323
MARTIN ,VILLEGAS,DEVELOPER,2312
AMRNADO,REZA,DEVELOPER,321
BETZA,GONZALES,DEVELOPER,3213
ARLOS,PERES,DEVELOPER,1231231
JOSE ,HERNADEZ,DEVELOPER,1000
CARLOS ,RITO,DEVELOPER,23323
MARTIN ,VILLEGAS,DEVELOPER,2312
AMRNADO,REZA,DEVELOPER,321
BETZA,GONZALES,DEVELOPER,3213
ARLOS,PERES,DEVELOPER,1231231
JOSE ,HERNADEZ,DEVELOPER,1000
CARLOS ,RITO,DEVELOPER,23323
MARTIN ,VILLEGAS,DEVELOPER,2312
AMRNADO,REZA,DEVELOPER,321
BETZA,GONZALES,DEVELOPER,3213
ARLOS,PERES,DEVELOPER,1231231
JOSE ,HERNADEZ,DEVELOPER,1000
CARLOS ,RITO,DEVELOPER,23323
MARTIN ,VILLEGAS,DEVELOPER,2312
AMRNADO,REZA,DEVELOPER,321
BETZA,GONZALES,DEVELOPER,3213
ARLOS,PERES,DEVELOPER,1231231
JOSE ,HERNADEZ,DEVELOPER,1000
CARLOS ,RITO,DEVELOPER,23323
MARTIN ,VILLEGAS,DEVELOPER,2312
AMRNADO,REZA,DEVELOPER,321
BETZA,GONZALES,DEVELOPER,3213
ARLOS,PERES,DEVELOPER,1231231
JOSE ,HERNADEZ,DEVELOPER,1000
CARLOS ,RITO,DEVELOPER,23323
MARTIN ,VILLEGAS,DEVELOPER,2312
AMRNADO,REZA,DEVELOPER,321
BETZA,GONZALES,DEVELOPER,3213
ARLOS,PERES,DEVELOPER,1231231
JOSE ,HERNADEZ,DEVELOPER,1000
CARLOS ,RITO,DEVELOPER,23323
MARTIN ,VILLEGAS,DEVELOPER,2312
AMRNADO,REZA,DEVELOPER,321
BETZA,GONZALES,DEVELOPER,3213
ARLOS,PERES,DEVELOPER,1231231
JOSE ,HERNADEZ,DEVELOPER,1000
CARLOS ,RITO,DEVELOPER,23323
MARTIN ,VILLEGAS,DEVELOPER,2312
AMRNADO,REZA,DEVELOPER,321
BETZA,GONZALES,DEVELOPER,3213
ARLOS,PERES,DEVELOPER,1231231
JOSE ,HERNADEZ,DEVELOPER,1000
CARLOS ,RITO,DEVELOPER,23323
MARTIN ,VILLEGAS,DEVELOPER,2312
AMRNADO,REZA,DEVELOPER,321
BETZA,GONZALES,DEVELOPER,3213
ARLOS,PERES,DEVELOPER,1231231
JOSE ,HERNADEZ,DEVELOPER,1000
CARLOS ,RITO,DEVELOPER,23323
MARTIN ,VILLEGAS,DEVELOPER,2312
AMRNADO,REZA,DEVELOPER,321
BETZA,GONZALES,DEVELOPER,3213
ARLOS,PERES,DEVELOPER,1231231
JOSE ,HERNADEZ,DEVELOPER,1000
CARLOS ,RITO,DEVELOPER,23323
MARTIN ,VILLEGAS,DEVELOPER,2312
AMRNADO,REZA,DEVELOPER,321
BETZA,GONZALES,DEVELOPER,3213
ARLOS,PERES,DEVELOPER,1231231
JOSE ,HERNADEZ,DEVELOPER,1000
CARLOS ,RITO,DEVELOPER,23323
MARTIN ,VILLEGAS,DEVELOPER,2312
AMRNADO,REZA,DEVELOPER,321
BETZA,GONZALES,DEVELOPER,3213
ARLOS,PERES,DEVELOPER,1231231
JOSE ,HERNADEZ,DEVELOPER,1000
CARLOS ,RITO,DEVELOPER,23323
MARTIN ,VILLEGAS,DEVELOPER,2312
AMRNADO,REZA,DEVELOPER,321
BETZA,GONZALES,DEVELOPER,3213
ARLOS,PERES,DEVELOPER,1231231
JOSE ,HERNADEZ,DEVELOPER,1000
CARLOS ,RITO,DEVELOPER,23323
MARTIN ,VILLEGAS,DEVELOPER,2312
AMRNADO,REZA,DEVELOPER,321
BETZA,GONZALES,DEVELOPER,3213
ARLOS,PERES,DEVELOPER,1231231
JOSE ,HERNADEZ,DEVELOPER,1000
CARLOS ,RITO,DEVELOPER,23323
MARTIN ,VILLEGAS,DEVELOPER,2312
AMRNADO,REZA,DEVELOPER,321
BETZA,GONZALES,DEVELOPER,3213
ARLOS,PERES,DEVELOPER,1231231
JOSE ,HERNADEZ,DEVELOPER,1000
CARLOS ,RITO,DEVELOPER,23323
MARTIN ,VILLEGAS,DEVELOPER,2312
AMRNADO,REZA,DEVELOPER,321
BETZA,GONZALES,DEVELOPER,3213
ARLOS,PERES,DEVELOPER,1231231
JOSE ,HERNADEZ,DEVELOPER,1000
CARLOS ,RITO,DEVELOPER,23323
MARTIN ,VILLEGAS,DEVELOPER,2312
AMRNADO,REZA,DEVELOPER,321
BETZA,GONZALES,DEVELOPER,3213
ARLOS,PERES,DEVELOPER,1231231
JOSE ,HERNADEZ,DEVELOPER,1000
CARLOS ,RITO,DEVELOPER,23323
MARTIN ,VILLEGAS,DEVELOPER,2312
AMRNADO,REZA,DEVELOPER,321
BETZA,GONZALES,DEVELOPER,3213
ARLOS,PERES,DEVELOPER,1231231
JOSE ,HERNADEZ,DEVELOPER,1000
CARLOS ,RITO,DEVELOPER,23323
MARTIN ,VILLEGAS,DEVELOPER,2312
AMRNADO,REZA,DEVELOPER,321
BETZA,GONZALES,DEVELOPER,3213
ARLOS,PERES,DEVELOPER,1231231
JOSE ,HERNADEZ,DEVELOPER,1000
CARLOS ,RITO,DEVELOPER,23323
MARTIN ,VILLEGAS,DEVELOPER,2312
AMRNADO,REZA,DEVELOPER,321
BETZA,GONZALES,DEVELOPER,3213
ARLOS,PERES,DEVELOPER,1231231
JOSE ,HERNADEZ,DEVELOPER,1000
CARLOS ,RITO,DEVELOPER,23323
MARTIN ,VILLEGAS,DEVELOPER,2312
AMRNADO,REZA,DEVELOPER,321
BETZA,GONZALES,DEVELOPER,3213
ARLOS,PERES,DEVELOPER,1231231
JOSE ,HERNADEZ,DEVELOPER,1000
CARLOS ,RITO,DEVELOPER,23323
MARTIN ,VILLEGAS,DEVELOPER,2312
AMRNADO,REZA,DEVELOPER,321
BETZA,GONZALES,DEVELOPER,3213
ARLOS,PERES,DEVELOPER,1231231
JOSE ,HERNADEZ,DEVELOPER,1000
CARLOS ,RITO,DEVELOPER,23323
MARTIN ,VILLEGAS,DEVELOPER,2312
AMRNADO,REZA,DEVELOPER,321
BETZA,GONZALES,DEVELOPER,3213
ARLOS,PERES,DEVELOPER,1231231
JOSE ,HERNADEZ,DEVELOPER,1000
CARLOS ,RITO,DEVELOPER,23323
MARTIN ,VILLEGAS,DEVELOPER,2312
AMRNADO,REZA,DEVELOPER,321
BETZA,GONZALES,DEVELOPER,3213
ARLOS,PERES,DEVELOPER,1231231
JOSE ,HERNADEZ,DEVELOPER,1000
CARLOS ,RITO,DEVELOPER,23323
MARTIN ,VILLEGAS,DEVELOPER,2312
AMRNADO,REZA,DEVELOPER,321
BETZA,GONZALES,DEVELOPER,3213
ARLOS,PERES,DEVELOPER,1231231
JOSE ,HERNADEZ,DEVELOPER,1000
CARLOS ,RITO,DEVELOPER,23323
MARTIN ,VILLEGAS,DEVELOPER,2312
AMRNADO,REZA,DEVELOPER,321
BETZA,GONZALES,DEVELOPER,3213
ARLOS,PERES,DEVELOPER,1231231
JOSE ,HERNADEZ,DEVELOPER,1000
CARLOS ,RITO,DEVELOPER,23323
MARTIN ,VILLEGAS,DEVELOPER,2312
AMRNADO,REZA,DEVELOPER,321
BETZA,GONZALES,DEVELOPER,3213
ARLOS,PERES,DEVELOPER,1231231
JOSE ,HERNADEZ,DEVELOPER,1000
CARLOS ,RITO,DEVELOPER,23323
MARTIN ,VILLEGAS,DEVELOPER,2312
AMRNADO,REZA,DEVELOPER,321
BETZA,GONZALES,DEVELOPER,3213
ARLOS,PERES,DEVELOPER,1231231
JOSE ,HERNADEZ,DEVELOPER,1000
CARLOS ,RITO,DEVELOPER,23323
MARTIN ,VILLEGAS,DEVELOPER,2312
AMRNADO,REZA,DEVELOPER,321
BETZA,GONZALES,DEVELOPER,3213
ARLOS,PERES,DEVELOPER,1231231
JOSE ,HERNADEZ,DEVELOPER,1000
CARLOS ,RITO,DEVELOPER,23323
MARTIN ,VILLEGAS,DEVELOPER,2312
AMRNADO,REZA,DEVELOPER,321
BETZA,GONZALES,DEVELOPER,3213
ARLOS,PERES,DEVELOPER,1231231
JOSE ,HERNADEZ,DEVELOPER,1000
CARLOS ,RITO,DEVELOPER,23323
MARTIN ,VILLEGAS,DEVELOPER,2312
AMRNADO,REZA,DEVELOPER,321
BETZA,GONZALES,DEVELOPER,3213
ARLOS,PERES,DEVELOPER,1231231
JOSE ,HERNADEZ,DEVELOPER,1000
CARLOS ,RITO,DEVELOPER,23323
MARTIN ,VILLEGAS,DEVELOPER,2312
AMRNADO,REZA,DEVELOPER,321
BETZA,GONZALES,DEVELOPER,3213
ARLOS,PERES,DEVELOPER,1231231
JOSE ,HERNADEZ,DEVELOPER,1000
CARLOS ,RITO,DEVELOPER,23323
MARTIN ,VILLEGAS,DEVELOPER,2312
AMRNADO,REZA,DEVELOPER,321
BETZA,GONZALES,DEVELOPER,3213
ARLOS,PERES,DEVELOPER,1231231
JOSE ,HERNADEZ,DEVELOPER,1000
CARLOS ,RITO,DEVELOPER,23323
MARTIN ,VILLEGAS,DEVELOPER,2312
AMRNADO,REZA,DEVELOPER,321
BETZA,GONZALES,DEVELOPER,3213
ARLOS,PERES,DEVELOPER,1231231
JOSE ,HERNADEZ,DEVELOPER,1000
CARLOS ,RITO,DEVELOPER,23323
MARTIN ,VILLEGAS,DEVELOPER,2312
AMRNADO,REZA,DEVELOPER,321
BETZA,GONZALES,DEVELOPER,3213
ARLOS,PERES,DEVELOPER,1231231
JOSE ,HERNADEZ,DEVELOPER,1000
CARLOS ,RITO,DEVELOPER,23323
MARTIN ,VILLEGAS,DEVELOPER,2312
AMRNADO,REZA,DEVELOPER,321
BETZA,GONZALES,DEVELOPER,3213
ARLOS,PERES,DEVELOPER,1231231
JOSE ,HERNADEZ,DEVELOPER,1000
CARLOS ,RITO,DEVELOPER,23323
MARTIN ,VILLEGAS,DEVELOPER,2312
AMRNADO,REZA,DEVELOPER,321
BETZA,GONZALES,DEVELOPER,3213
ARLOS,PERES,DEVELOPER,1231231
JOSE ,HERNADEZ,DEVELOPER,1000
CARLOS ,RITO,DEVELOPER,23323
MARTIN ,VILLEGAS,DEVELOPER,2312
AMRNADO,REZA,DEVELOPER,321
BETZA,GONZALES,DEVELOPER,3213
ARLOS,PERES,DEVELOPER,1231231
JOSE ,HERNADEZ,DEVELOPER,1000
CARLOS ,RITO,DEVELOPER,23323
MARTIN ,VILLEGAS,DEVELOPER,2312
AMRNADO,REZA,DEVELOPER,321
BETZA,GONZALES,DEVELOPER,3213
ARLOS,PERES,DEVELOPER,1231231
JOSE ,HERNADEZ,DEVELOPER,1000
CARLOS ,RITO,DEVELOPER,23323
MARTIN ,VILLEGAS,DEVELOPER,2312
AMRNADO,REZA,DEVELOPER,321
BETZA,GONZALES,DEVELOPER,3213
ARLOS,PERES,DEVELOPER,1231231
JOSE ,HERNADEZ,DEVELOPER,1000
CARLOS ,RITO,DEVELOPER,23323
MARTIN ,VILLEGAS,DEVELOPER,2312
AMRNADO,REZA,DEVELOPER,321
BETZA,GONZALES,DEVELOPER,3213
ARLOS,PERES,DEVELOPER,1231231
JOSE ,HERNADEZ,DEVELOPER,1000
CARLOS ,RITO,DEVELOPER,23323
MARTIN ,VILLEGAS,DEVELOPER,2312
AMRNADO,REZA,DEVELOPER,321
BETZA,GONZALES,DEVELOPER,3213
ARLOS,PERES,DEVELOPER,1231231
JOSE ,HERNADEZ,DEVELOPER,1000
CARLOS ,RITO,DEVELOPER,23323
MARTIN ,VILLEGAS,DEVELOPER,2312
AMRNADO,REZA,DEVELOPER,321
BETZA,GONZALES,DEVELOPER,3213
ARLOS,PERES,DEVELOPER,1231231
JOSE ,HERNADEZ,DEVELOPER,1000
CARLOS ,RITO,DEVELOPER,23323
MARTIN ,VILLEGAS,DEVELOPER,2312
AMRNADO,REZA,DEVELOPER,321
BETZA,GONZALES,DEVELOPER,3213
ARLOS,PERES,DEVELOPER,1231231
JOSE ,HERNADEZ,DEVELOPER,1000
CARLOS ,RITO,DEVELOPER,23323
MARTIN ,VILLEGAS,DEVELOPER,2312
AMRNADO,REZA,DEVELOPER,321
BETZA,GONZALES,DEVELOPER,3213
ARLOS,PERES,DEVELOPER,1231231
JOSE ,HERNADEZ,DEVELOPER,1000
CARLOS ,RITO,DEVELOPER,23323
MARTIN ,VILLEGAS,DEVELOPER,2312
AMRNADO,REZA,DEVELOPER,321
BETZA,GONZALES,DEVELOPER,3213
ARLOS,PERES,DEVELOPER,1231231
JOSE ,HERNADEZ,DEVELOPER,1000
CARLOS ,RITO,DEVELOPER,23323
MARTIN ,VILLEGAS,DEVELOPER,2312
AMRNADO,REZA,DEVELOPER,321
BETZA,GONZALES,DEVELOPER,3213
ARLOS,PERES,DEVELOPER,1231231
JOSE ,HERNADEZ,DEVELOPER,1000
CARLOS ,RITO,DEVELOPER,23323
MARTIN ,VILLEGAS,DEVELOPER,2312
AMRNADO,REZA,DEVELOPER,321
BETZA,GONZALES,DEVELOPER,3213
ARLOS,PERES,DEVELOPER,1231231
JOSE ,HERNADEZ,DEVELOPER,1000
CARLOS ,RITO,DEVELOPER,23323
MARTIN ,VILLEGAS,DEVELOPER,2312
AMRNADO,REZA,DEVELOPER,321
BETZA,GONZALES,DEVELOPER,3213
ARLOS,PERES,DEVELOPER,1231231
JOSE ,HERNADEZ,DEVELOPER,1000
CARLOS ,RITO,DEVELOPER,23323
MARTIN ,VILLEGAS,DEVELOPER,2312
AMRNADO,REZA,DEVELOPER,321
BETZA,GONZALES,DEVELOPER,3213
ARLOS,PERES,DEVELOPER,1231231
JOSE ,HERNADEZ,DEVELOPER,1000
CARLOS ,RITO,DEVELOPER,23323
MARTIN ,VILLEGAS,DEVELOPER,2312
AMRNADO,REZA,DEVELOPER,321
BETZA,GONZALES,DEVELOPER,3213
ARLOS,PERES,DEVELOPER,1231231
JOSE ,HERNADEZ,DEVELOPER,1000
CARLOS ,RITO,DEVELOPER,23323
MARTIN ,VILLEGAS,DEVELOPER,2312
AMRNADO,REZA,DEVELOPER,321
BETZA,GONZALES,DEVELOPER,3213
ARLOS,PERES,DEVELOPER,1231231
JOSE ,HERNADEZ,DEVELOPER,1000
CARLOS ,RITO,DEVELOPER,23323
MARTIN ,VILLEGAS,DEVELOPER,2312
AMRNADO,REZA,DEVELOPER,321
BETZA,GONZALES,DEVELOPER,3213
ARLOS,PERES,DEVELOPER,1231231
JOSE ,HERNADEZ,DEVELOPER,1000
CARLOS ,RITO,DEVELOPER,23323
MARTIN ,VILLEGAS,DEVELOPER,2312
AMRNADO,REZA,DEVELOPER,321
BETZA,GONZALES,DEVELOPER,3213
ARLOS,PERES,DEVELOPER,1231231
JOSE ,HERNADEZ,DEVELOPER,1000
CARLOS ,RITO,DEVELOPER,23323
MARTIN ,VILLEGAS,DEVELOPER,2312
AMRNADO,REZA,DEVELOPER,321
BETZA,GONZALES,DEVELOPER,3213
ARLOS,PERES,DEVELOPER,1231231
JOSE ,HERNADEZ,DEVELOPER,1000
CARLOS ,RITO,DEVELOPER,23323
MARTIN ,VILLEGAS,DEVELOPER,2312
AMRNADO,REZA,DEVELOPER,321
BETZA,GONZALES,DEVELOPER,3213
ARLOS,PERES,DEVELOPER,1231231
JOSE ,HERNADEZ,DEVELOPER,1000
CARLOS ,RITO,DEVELOPER,23323
MARTIN ,VILLEGAS,DEVELOPER,2312
AMRNADO,REZA,DEVELOPER,321
BETZA,GONZALES,DEVELOPER,3213
ARLOS,PERES,DEVELOPER,1231231
JOSE ,HERNADEZ,DEVELOPER,1000
CARLOS ,RITO,DEVELOPER,23323
MARTIN ,VILLEGAS,DEVELOPER,2312
AMRNADO,REZA,DEVELOPER,321
BETZA,GONZALES,DEVELOPER,3213
ARLOS,PERES,DEVELOPER,1231231
JOSE ,HERNADEZ,DEVELOPER,1000
CARLOS ,RITO,DEVELOPER,23323
MARTIN ,VILLEGAS,DEVELOPER,2312
AMRNADO,REZA,DEVELOPER,321
BETZA,GONZALES,DEVELOPER,3213
ARLOS,PERES,DEVELOPER,1231231
JOSE ,HERNADEZ,DEVELOPER,1000
CARLOS ,RITO,DEVELOPER,23323
MARTIN ,VILLEGAS,DEVELOPER,2312
AMRNADO,REZA,DEVELOPER,321
BETZA,GONZALES,DEVELOPER,3213
ARLOS,PERES,DEVELOPER,1231231
JOSE ,HERNADEZ,DEVELOPER,1000
CARLOS ,RITO,DEVELOPER,23323
MARTIN ,VILLEGAS,DEVELOPER,2312
AMRNADO,REZA,DEVELOPER,321
BETZA,GONZALES,DEVELOPER,3213
ARLOS,PERES,DEVELOPER,1231231
JOSE ,HERNADEZ,DEVELOPER,1000
CARLOS ,RITO,DEVELOPER,23323
MARTIN ,VILLEGAS,DEVELOPER,2312
AMRNADO,REZA,DEVELOPER,321
BETZA,GONZALES,DEVELOPER,3213
ARLOS,PERES,DEVELOPER,1231231
JOSE ,HERNADEZ,DEVELOPER,1000
CARLOS ,RITO,DEVELOPER,23323
MARTIN ,VILLEGAS,DEVELOPER,2312
AMRNADO,REZA,DEVELOPER,321
BETZA,GONZALES,DEVELOPER,3213
ARLOS,PERES,DEVELOPER,1231231
JOSE ,HERNADEZ,DEVELOPER,1000
CARLOS ,RITO,DEVELOPER,23323
MARTIN ,VILLEGAS,DEVELOPER,2312
AMRNADO,REZA,DEVELOPER,321
BETZA,GONZALES,DEVELOPER,3213
ARLOS,PERES,DEVELOPER,1231231
JOSE ,HERNADEZ,DEVELOPER,1000
CARLOS ,RITO,DEVELOPER,23323
MARTIN ,VILLEGAS,DEVELOPER,2312
AMRNADO,REZA,DEVELOPER,321
BETZA,GONZALES,DEVELOPER,3213
ARLOS,PERES,DEVELOPER,1231231
JOSE ,HERNADEZ,DEVELOPER,1000
CARLOS ,RITO,DEVELOPER,23323
MARTIN ,VILLEGAS,DEVELOPER,2312
AMRNADO,REZA,DEVELOPER,321
BETZA,GONZALES,DEVELOPER,3213
ARLOS,PERES,DEVELOPER,1231231
JOSE ,HERNADEZ,DEVELOPER,1000
CARLOS ,RITO,DEVELOPER,23323
MARTIN ,VILLEGAS,DEVELOPER,2312
AMRNADO,REZA,DEVELOPER,321
BETZA,GONZALES,DEVELOPER,3213
ARLOS,PERES,DEVELOPER,1231231
JOSE ,HERNADEZ,DEVELOPER,1000
CARLOS ,RITO,DEVELOPER,23323
MARTIN ,VILLEGAS,DEVELOPER,2312
AMRNADO,REZA,DEVELOPER,321
BETZA,GONZALES,DEVELOPER,3213
ARLOS,PERES,DEVELOPER,1231231
JOSE ,HERNADEZ,DEVELOPER,1000
CARLOS ,RITO,DEVELOPER,23323
MARTIN ,VILLEGAS,DEVELOPER,2312
AMRNADO,REZA,DEVELOPER,321
BETZA,GONZALES,DEVELOPER,3213
ARLOS,PERES,DEVELOPER,1231231
JOSE ,HERNADEZ,DEVELOPER,1000
CARLOS ,RITO,DEVELOPER,23323
MARTIN ,VILLEGAS,DEVELOPER,2312
AMRNADO,REZA,DEVELOPER,321
BETZA,GONZALES,DEVELOPER,3213
ARLOS,PERES,DEVELOPER,1231231
JOSE ,HERNADEZ,DEVELOPER,1000
CARLOS ,RITO,DEVELOPER,23323
MARTIN ,VILLEGAS,DEVELOPER,2312
AMRNADO,REZA,DEVELOPER,321
BETZA,GONZALES,DEVELOPER,3213
ARLOS,PERES,DEVELOPER,1231231
JOSE ,HERNADEZ,DEVELOPER,1000
CARLOS ,RITO,DEVELOPER,23323
MARTIN ,VILLEGAS,DEVELOPER,2312
AMRNADO,REZA,DEVELOPER,321
BETZA,GONZALES,DEVELOPER,3213
ARLOS,PERES,DEVELOPER,1231231
JOSE ,HERNADEZ,DEVELOPER,1000
CARLOS ,RITO,DEVELOPER,23323
MARTIN ,VILLEGAS,DEVELOPER,2312
AMRNADO,REZA,DEVELOPER,321
BETZA,GONZALES,DEVELOPER,3213
ARLOS,PERES,DEVELOPER,1231231
JOSE ,HERNADEZ,DEVELOPER,1000
CARLOS ,RITO,DEVELOPER,23323
MARTIN ,VILLEGAS,DEVELOPER,2312
AMRNADO,REZA,DEVELOPER,321
BETZA,GONZALES,DEVELOPER,3213
ARLOS,PERES,DEVELOPER,1231231
JOSE ,HERNADEZ,DEVELOPER,1000
CARLOS ,RITO,DEVELOPER,23323
MARTIN ,VILLEGAS,DEVELOPER,2312
AMRNADO,REZA,DEVELOPER,321
BETZA,GONZALES,DEVELOPER,3213
ARLOS,PERES,DEVELOPER,1231231
JOSE ,HERNADEZ,DEVELOPER,1000
CARLOS ,RITO,DEVELOPER,23323
MARTIN ,VILLEGAS,DEVELOPER,2312
AMRNADO,REZA,DEVELOPER,321
BETZA,GONZALES,DEVELOPER,3213
ARLOS,PERES,DEVELOPER,1231231
JOSE ,HERNADEZ,DEVELOPER,1000
CARLOS ,RITO,DEVELOPER,23323
MARTIN ,VILLEGAS,DEVELOPER,2312
AMRNADO,REZA,DEVELOPER,321
BETZA,GONZALES,DEVELOPER,3213
ARLOS,PERES,DEVELOPER,1231231
JOSE ,HERNADEZ,DEVELOPER,1000
CARLOS ,RITO,DEVELOPER,23323
MARTIN ,VILLEGAS,DEVELOPER,2312
AMRNADO,REZA,DEVELOPER,321
BETZA,GONZALES,DEVELOPER,3213
ARLOS,PERES,DEVELOPER,1231231
JOSE ,HERNADEZ,DEVELOPER,1000
CARLOS ,RITO,DEVELOPER,23323
MARTIN ,VILLEGAS,DEVELOPER,2312
AMRNADO,REZA,DEVELOPER,321
BETZA,GONZALES,DEVELOPER,3213
ARLOS,PERES,DEVELOPER,1231231
JOSE ,HERNADEZ,DEVELOPER,1000
CARLOS ,RITO,DEVELOPER,23323
MARTIN ,VILLEGAS,DEVELOPER,2312
AMRNADO,REZA,DEVELOPER,321
BETZA,GONZALES,DEVELOPER,3213
ARLOS,PERES,DEVELOPER,1231231
JOSE ,HERNADEZ,DEVELOPER,1000
CARLOS ,RITO,DEVELOPER,23323
MARTIN ,VILLEGAS,DEVELOPER,2312
AMRNADO,REZA,DEVELOPER,321
BETZA,GONZALES,DEVELOPER,3213
ARLOS,PERES,DEVELOPER,1231231
JOSE ,HERNADEZ,DEVELOPER,1000
CARLOS ,RITO,DEVELOPER,23323
MARTIN ,VILLEGAS,DEVELOPER,2312
AMRNADO,REZA,DEVELOPER,321
BETZA,GONZALES,DEVELOPER,3213
ARLOS,PERES,DEVELOPER,1231231
JOSE ,HERNADEZ,DEVELOPER,1000
CARLOS ,RITO,DEVELOPER,23323
MARTIN ,VILLEGAS,DEVELOPER,2312
AMRNADO,REZA,DEVELOPER,321
BETZA,GONZALES,DEVELOPER,3213
ARLOS,PERES,DEVELOPER,1231231
JOSE ,HERNADEZ,DEVELOPER,1000
CARLOS ,RITO,DEVELOPER,23323
MARTIN ,VILLEGAS,DEVELOPER,2312
AMRNADO,REZA,DEVELOPER,321
BETZA,GONZALES,DEVELOPER,3213
ARLOS,PERES,DEVELOPER,1231231
JOSE ,HERNADEZ,DEVELOPER,1000
CARLOS ,RITO,DEVELOPER,23323
MARTIN ,VILLEGAS,DEVELOPER,2312
AMRNADO,REZA,DEVELOPER,321
BETZA,GONZALES,DEVELOPER,3213
ARLOS,PERES,DEVELOPER,1231231
JOSE ,HERNADEZ,DEVELOPER,1000
CARLOS ,RITO,DEVELOPER,23323
MARTIN ,VILLEGAS,DEVELOPER,2312
AMRNADO,REZA,DEVELOPER,321
BETZA,GONZALES,DEVELOPER,3213
ARLOS,PERES,DEVELOPER,1231231
JOSE ,HERNADEZ,DEVELOPER,1000
CARLOS ,RITO,DEVELOPER,23323
MARTIN ,VILLEGAS,DEVELOPER,2312
AMRNADO,REZA,DEVELOPER,321
BETZA,GONZALES,DEVELOPER,3213
ARLOS,PERES,DEVELOPER,1231231
JOSE ,HERNADEZ,DEVELOPER,1000
CARLOS ,RITO,DEVELOPER,23323
MARTIN ,VILLEGAS,DEVELOPER,2312
AMRNADO,REZA,DEVELOPER,321
BETZA,GONZALES,DEVELOPER,3213
ARLOS,PERES,DEVELOPER,1231231
JOSE ,HERNADEZ,DEVELOPER,1000
CARLOS ,RITO,DEVELOPER,23323
MARTIN ,VILLEGAS,DEVELOPER,2312
AMRNADO,REZA,DEVELOPER,321
BETZA,GONZALES,DEVELOPER,3213
ARLOS,PERES,DEVELOPER,1231231
JOSE ,HERNADEZ,DEVELOPER,1000
CARLOS ,RITO,DEVELOPER,23323
MARTIN ,VILLEGAS,DEVELOPER,2312
AMRNADO,REZA,DEVELOPER,321
BETZA,GONZALES,DEVELOPER,3213
ARLOS,PERES,DEVELOPER,1231231
JOSE ,HERNADEZ,DEVELOPER,1000
CARLOS ,RITO,DEVELOPER,23323
MARTIN ,VILLEGAS,DEVELOPER,2312
AMRNADO,REZA,DEVELOPER,321
BETZA,GONZALES,DEVELOPER,3213
ARLOS,PERES,DEVELOPER,1231231
JOSE ,HERNADEZ,DEVELOPER,1000
CARLOS ,RITO,DEVELOPER,23323
MARTIN ,VILLEGAS,DEVELOPER,2312
AMRNADO,REZA,DEVELOPER,321
BETZA,GONZALES,DEVELOPER,3213
ARLOS,PERES,DEVELOPER,1231231
JOSE ,HERNADEZ,DEVELOPER,1000
CARLOS ,RITO,DEVELOPER,23323
MARTIN ,VILLEGAS,DEVELOPER,2312
AMRNADO,REZA,DEVELOPER,321
BETZA,GONZALES,DEVELOPER,3213
ARLOS,PERES,DEVELOPER,1231231
JOSE ,HERNADEZ,DEVELOPER,1000
CARLOS ,RITO,DEVELOPER,23323
MARTIN ,VILLEGAS,DEVELOPER,2312
AMRNADO,REZA,DEVELOPER,321
BETZA,GONZALES,DEVELOPER,3213
ARLOS,PERES,DEVELOPER,1231231
JOSE ,HERNADEZ,DEVELOPER,1000
CARLOS ,RITO,DEVELOPER,23323
MARTIN ,VILLEGAS,DEVELOPER,2312
AMRNADO,REZA,DEVELOPER,321
BETZA,GONZALES,DEVELOPER,3213
ARLOS,PERES,DEVELOPER,1231231
JOSE ,HERNADEZ,DEVELOPER,1000
CARLOS ,RITO,DEVELOPER,23323
MARTIN ,VILLEGAS,DEVELOPER,2312
AMRNADO,REZA,DEVELOPER,321
BETZA,GONZALES,DEVELOPER,3213
ARLOS,PERES,DEVELOPER,1231231
JOSE ,HERNADEZ,DEVELOPER,1000
CARLOS ,RITO,DEVELOPER,23323
MARTIN ,VILLEGAS,DEVELOPER,2312
AMRNADO,REZA,DEVELOPER,321
BETZA,GONZALES,DEVELOPER,3213
ARLOS,PERES,DEVELOPER,1231231
JOSE ,HERNADEZ,DEVELOPER,1000
CARLOS ,RITO,DEVELOPER,23323
MARTIN ,VILLEGAS,DEVELOPER,2312
AMRNADO,REZA,DEVELOPER,321
BETZA,GONZALES,DEVELOPER,3213
ARLOS,PERES,DEVELOPER,1231231
JOSE ,HERNADEZ,DEVELOPER,1000
CARLOS ,RITO,DEVELOPER,23323
MARTIN ,VILLEGAS,DEVELOPER,2312
AMRNADO,REZA,DEVELOPER,321
BETZA,GONZALES,DEVELOPER,3213
ARLOS,PERES,DEVELOPER,1231231
JOSE ,HERNADEZ,DEVELOPER,1000
CARLOS ,RITO,DEVELOPER,23323
MARTIN ,VILLEGAS,DEVELOPER,2312
AMRNADO,REZA,DEVELOPER,321
BETZA,GONZALES,DEVELOPER,3213
ARLOS,PERES,DEVELOPER,1231231
JOSE ,HERNADEZ,DEVELOPER,1000
CARLOS ,RITO,DEVELOPER,23323
MARTIN ,VILLEGAS,DEVELOPER,2312
AMRNADO,REZA,DEVELOPER,321
BETZA,GONZALES,DEVELOPER,3213
ARLOS,PERES,DEVELOPER,1231231
JOSE ,HERNADEZ,DEVELOPER,1000
CARLOS ,RITO,DEVELOPER,23323
MARTIN ,VILLEGAS,DEVELOPER,2312
AMRNADO,REZA,DEVELOPER,321
BETZA,GONZALES,DEVELOPER,3213
ARLOS,PERES,DEVELOPER,1231231
JOSE ,HERNADEZ,DEVELOPER,1000
CARLOS ,RITO,DEVELOPER,23323
MARTIN ,VILLEGAS,DEVELOPER,2312
AMRNADO,REZA,DEVELOPER,321
BETZA,GONZALES,DEVELOPER,3213
ARLOS,PERES,DEVELOPER,1231231
JOSE ,HERNADEZ,DEVELOPER,1000
CARLOS ,RITO,DEVELOPER,23323
MARTIN ,VILLEGAS,DEVELOPER,2312
AMRNADO,REZA,DEVELOPER,321
BETZA,GONZALES,DEVELOPER,3213
ARLOS,PERES,DEVELOPER,1231231
JOSE ,HERNADEZ,DEVELOPER,1000
CARLOS ,RITO,DEVELOPER,23323
MARTIN ,VILLEGAS,DEVELOPER,2312
AMRNADO,REZA,DEVELOPER,321
BETZA,GONZALES,DEVELOPER,3213
ARLOS,PERES,DEVELOPER,1231231
JOSE ,HERNADEZ,DEVELOPER,1000
CARLOS ,RITO,DEVELOPER,23323
MARTIN ,VILLEGAS,DEVELOPER,2312
AMRNADO,REZA,DEVELOPER,321
BETZA,GONZALES,DEVELOPER,3213
ARLOS,PERES,DEVELOPER,1231231
JOSE ,HERNADEZ,DEVELOPER,1000
CARLOS ,RITO,DEVELOPER,23323
MARTIN ,VILLEGAS,DEVELOPER,2312
AMRNADO,REZA,DEVELOPER,321
BETZA,GONZALES,DEVELOPER,3213
ARLOS,PERES,DEVELOPER,1231231
JOSE ,HERNADEZ,DEVELOPER,1000
CARLOS ,RITO,DEVELOPER,23323
MARTIN ,VILLEGAS,DEVELOPER,2312
AMRNADO,REZA,DEVELOPER,321
BETZA,GONZALES,DEVELOPER,3213
ARLOS,PERES,DEVELOPER,1231231
JOSE ,HERNADEZ,DEVELOPER,1000
CARLOS ,RITO,DEVELOPER,23323
MARTIN ,VILLEGAS,DEVELOPER,2312
AMRNADO,REZA,DEVELOPER,321
BETZA,GONZALES,DEVELOPER,3213
ARLOS,PERES,DEVELOPER,1231231
JOSE ,HERNADEZ,DEVELOPER,1000
CARLOS ,RITO,DEVELOPER,23323
MARTIN ,VILLEGAS,DEVELOPER,2312
AMRNADO,REZA,DEVELOPER,321
BETZA,GONZALES,DEVELOPER,3213
ARLOS,PERES,DEVELOPER,1231231
JOSE ,HERNADEZ,DEVELOPER,1000
CARLOS ,RITO,DEVELOPER,23323
MARTIN ,VILLEGAS,DEVELOPER,2312
AMRNADO,REZA,DEVELOPER,321
BETZA,GONZALES,DEVELOPER,3213
ARLOS,PERES,DEVELOPER,1231231
JOSE ,HERNADEZ,DEVELOPER,1000
CARLOS ,RITO,DEVELOPER,23323
MARTIN ,VILLEGAS,DEVELOPER,2312
AMRNADO,REZA,DEVELOPER,321
BETZA,GONZALES,DEVELOPER,3213
ARLOS,PERES,DEVELOPER,1231231
JOSE ,HERNADEZ,DEVELOPER,1000
CARLOS ,RITO,DEVELOPER,23323
MARTIN ,VILLEGAS,DEVELOPER,2312
AMRNADO,REZA,DEVELOPER,321
BETZA,GONZALES,DEVELOPER,3213
ARLOS,PERES,DEVELOPER,1231231
JOSE ,HERNADEZ,DEVELOPER,1000
CARLOS ,RITO,DEVELOPER,23323
MARTIN ,VILLEGAS,DEVELOPER,2312
AMRNADO,REZA,DEVELOPER,321
BETZA,GONZALES,DEVELOPER,3213
ARLOS,PERES,DEVELOPER,1231231
JOSE ,HERNADEZ,DEVELOPER,1000
CARLOS ,RITO,DEVELOPER,23323
MARTIN ,VILLEGAS,DEVELOPER,2312
AMRNADO,REZA,DEVELOPER,321
BETZA,GONZALES,DEVELOPER,3213
ARLOS,PERES,DEVELOPER,1231231
JOSE ,HERNADEZ,DEVELOPER,1000
CARLOS ,RITO,DEVELOPER,23323
MARTIN ,VILLEGAS,DEVELOPER,2312
AMRNADO,REZA,DEVELOPER,321
BETZA,GONZALES,DEVELOPER,3213
ARLOS,PERES,DEVELOPER,1231231
JOSE ,HERNADEZ,DEVELOPER,1000
CARLOS ,RITO,DEVELOPER,23323
MARTIN ,VILLEGAS,DEVELOPER,2312
AMRNADO,REZA,DEVELOPER,321
BETZA,GONZALES,DEVELOPER,3213
ARLOS,PERES,DEVELOPER,1231231
JOSE ,HERNADEZ,DEVELOPER,1000
CARLOS ,RITO,DEVELOPER,23323
MARTIN ,VILLEGAS,DEVELOPER,2312
AMRNADO,REZA,DEVELOPER,321
BETZA,GONZALES,DEVELOPER,3213
ARLOS,PERES,DEVELOPER,1231231
JOSE ,HERNADEZ,DEVELOPER,1000
CARLOS ,RITO,DEVELOPER,23323
MARTIN ,VILLEGAS,DEVELOPER,2312
AMRNADO,REZA,DEVELOPER,321
BETZA,GONZALES,DEVELOPER,3213
ARLOS,PERES,DEVELOPER,1231231
JOSE ,HERNADEZ,DEVELOPER,1000
CARLOS ,RITO,DEVELOPER,23323
MARTIN ,VILLEGAS,DEVELOPER,2312
AMRNADO,REZA,DEVELOPER,321
BETZA,GONZALES,DEVELOPER,3213
ARLOS,PERES,DEVELOPER,1231231
JOSE ,HERNADEZ,DEVELOPER,1000
CARLOS ,RITO,DEVELOPER,23323
MARTIN ,VILLEGAS,DEVELOPER,2312
AMRNADO,REZA,DEVELOPER,321
BETZA,GONZALES,DEVELOPER,3213
ARLOS,PERES,DEVELOPER,1231231
JOSE ,HERNADEZ,DEVELOPER,1000
CARLOS ,RITO,DEVELOPER,23323
MARTIN ,VILLEGAS,DEVELOPER,2312
AMRNADO,REZA,DEVELOPER,321
BETZA,GONZALES,DEVELOPER,3213
ARLOS,PERES,DEVELOPER,1231231
JOSE ,HERNADEZ,DEVELOPER,1000
CARLOS ,RITO,DEVELOPER,23323
MARTIN ,VILLEGAS,DEVELOPER,2312
AMRNADO,REZA,DEVELOPER,321
BETZA,GONZALES,DEVELOPER,3213
ARLOS,PERES,DEVELOPER,1231231
JOSE ,HERNADEZ,DEVELOPER,1000
CARLOS ,RITO,DEVELOPER,23323
MARTIN ,VILLEGAS,DEVELOPER,2312
AMRNADO,REZA,DEVELOPER,321
BETZA,GONZALES,DEVELOPER,3213
ARLOS,PERES,DEVELOPER,1231231
JOSE ,HERNADEZ,DEVELOPER,1000
CARLOS ,RITO,DEVELOPER,23323
MARTIN ,VILLEGAS,DEVELOPER,2312
AMRNADO,REZA,DEVELOPER,321
BETZA,GONZALES,DEVELOPER,3213
ARLOS,PERES,DEVELOPER,1231231
JOSE ,HERNADEZ,DEVELOPER,1000
CARLOS ,RITO,DEVELOPER,23323
MARTIN ,VILLEGAS,DEVELOPER,2312
AMRNADO,REZA,DEVELOPER,321
BETZA,GONZALES,DEVELOPER,3213
ARLOS,PERES,DEVELOPER,1231231
JOSE ,HERNADEZ,DEVELOPER,1000
CARLOS ,RITO,DEVELOPER,23323
MARTIN ,VILLEGAS,DEVELOPER,2312
AMRNADO,REZA,DEVELOPER,321
BETZA,GONZALES,DEVELOPER,3213
ARLOS,PERES,DEVELOPER,1231231
JOSE ,HERNADEZ,DEVELOPER,1000
CARLOS ,RITO,DEVELOPER,23323
MARTIN ,VILLEGAS,DEVELOPER,2312
AMRNADO,REZA,DEVELOPER,321
BETZA,GONZALES,DEVELOPER,3213
ARLOS,PERES,DEVELOPER,1231231
JOSE ,HERNADEZ,DEVELOPER,1000
CARLOS ,RITO,DEVELOPER,23323
MARTIN ,VILLEGAS,DEVELOPER,2312
AMRNADO,REZA,DEVELOPER,321
BETZA,GONZALES,DEVELOPER,3213
ARLOS,PERES,DEVELOPER,1231231
JOSE ,HERNADEZ,DEVELOPER,1000
CARLOS ,RITO,DEVELOPER,23323
MARTIN ,VILLEGAS,DEVELOPER,2312
AMRNADO,REZA,DEVELOPER,321
BETZA,GONZALES,DEVELOPER,3213
ARLOS,PERES,DEVELOPER,1231231
JOSE ,HERNADEZ,DEVELOPER,1000
CARLOS ,RITO,DEVELOPER,23323
MARTIN ,VILLEGAS,DEVELOPER,2312
AMRNADO,REZA,DEVELOPER,321
BETZA,GONZALES,DEVELOPER,3213
ARLOS,PERES,DEVELOPER,1231231
JOSE ,HERNADEZ,DEVELOPER,1000
CARLOS ,RITO,DEVELOPER,23323
MARTIN ,VILLEGAS,DEVELOPER,2312
AMRNADO,REZA,DEVELOPER,321
BETZA,GONZALES,DEVELOPER,3213
ARLOS,PERES,DEVELOPER,1231231
JOSE ,HERNADEZ,DEVELOPER,1000
CARLOS ,RITO,DEVELOPER,23323
MARTIN ,VILLEGAS,DEVELOPER,2312
AMRNADO,REZA,DEVELOPER,321
BETZA,GONZALES,DEVELOPER,3213
ARLOS,PERES,DEVELOPER,1231231
JOSE ,HERNADEZ,DEVELOPER,1000
CARLOS ,RITO,DEVELOPER,23323
MARTIN ,VILLEGAS,DEVELOPER,2312
AMRNADO,REZA,DEVELOPER,321
BETZA,GONZALES,DEVELOPER,3213
ARLOS,PERES,DEVELOPER,1231231
JOSE ,HERNADEZ,DEVELOPER,1000
CARLOS ,RITO,DEVELOPER,23323
MARTIN ,VILLEGAS,DEVELOPER,2312
AMRNADO,REZA,DEVELOPER,321
BETZA,GONZALES,DEVELOPER,3213
ARLOS,PERES,DEVELOPER,1231231
JOSE ,HERNADEZ,DEVELOPER,1000
CARLOS ,RITO,DEVELOPER,23323
MARTIN ,VILLEGAS,DEVELOPER,2312
AMRNADO,REZA,DEVELOPER,321
BETZA,GONZALES,DEVELOPER,3213
ARLOS,PERES,DEVELOPER,1231231
JOSE ,HERNADEZ,DEVELOPER,1000
CARLOS ,RITO,DEVELOPER,23323
MARTIN ,VILLEGAS,DEVELOPER,2312
AMRNADO,REZA,DEVELOPER,321
BETZA,GONZALES,DEVELOPER,3213
ARLOS,PERES,DEVELOPER,1231231
JOSE ,HERNADEZ,DEVELOPER,1000
CARLOS ,RITO,DEVELOPER,23323
MARTIN ,VILLEGAS,DEVELOPER,2312
AMRNADO,REZA,DEVELOPER,321
BETZA,GONZALES,DEVELOPER,3213
ARLOS,PERES,DEVELOPER,1231231
JOSE ,HERNADEZ,DEVELOPER,1000
CARLOS ,RITO,DEVELOPER,23323
MARTIN ,VILLEGAS,DEVELOPER,2312
AMRNADO,REZA,DEVELOPER,321
BETZA,GONZALES,DEVELOPER,3213
ARLOS,PERES,DEVELOPER,1231231
JOSE ,HERNADEZ,DEVELOPER,1000
CARLOS ,RITO,DEVELOPER,23323
MARTIN ,VILLEGAS,DEVELOPER,2312
AMRNADO,REZA,DEVELOPER,321
BETZA,GONZALES,DEVELOPER,3213
ARLOS,PERES,DEVELOPER,1231231
JOSE ,HERNADEZ,DEVELOPER,1000
CARLOS ,RITO,DEVELOPER,23323
MARTIN ,VILLEGAS,DEVELOPER,2312
AMRNADO,REZA,DEVELOPER,321
BETZA,GONZALES,DEVELOPER,3213
ARLOS,PERES,DEVELOPER,1231231
JOSE ,HERNADEZ,DEVELOPER,1000
CARLOS ,RITO,DEVELOPER,23323
MARTIN ,VILLEGAS,DEVELOPER,2312
AMRNADO,REZA,DEVELOPER,321
BETZA,GONZALES,DEVELOPER,3213
ARLOS,PERES,DEVELOPER,1231231
JOSE ,HERNADEZ,DEVELOPER,1000
CARLOS ,RITO,DEVELOPER,23323
MARTIN ,VILLEGAS,DEVELOPER,2312
AMRNADO,REZA,DEVELOPER,321
BETZA,GONZALES,DEVELOPER,3213
ARLOS,PERES,DEVELOPER,1231231
JOSE ,HERNADEZ,DEVELOPER,1000
CARLOS ,RITO,DEVELOPER,23323
MARTIN ,VILLEGAS,DEVELOPER,2312
AMRNADO,REZA,DEVELOPER,321
BETZA,GONZALES,DEVELOPER,3213
ARLOS,PERES,DEVELOPER,1231231
JOSE ,HERNADEZ,DEVELOPER,1000
CARLOS ,RITO,DEVELOPER,23323
MARTIN ,VILLEGAS,DEVELOPER,2312
AMRNADO,REZA,DEVELOPER,321
BETZA,GONZALES,DEVELOPER,3213
ARLOS,PERES,DEVELOPER,1231231
JOSE ,HERNADEZ,DEVELOPER,1000
CARLOS ,RITO,DEVELOPER,23323
MARTIN ,VILLEGAS,DEVELOPER,2312
AMRNADO,REZA,DEVELOPER,321
BETZA,GONZALES,DEVELOPER,3213
ARLOS,PERES,DEVELOPER,1231231
JOSE ,HERNADEZ,DEVELOPER,1000
CARLOS ,RITO,DEVELOPER,23323
MARTIN ,VILLEGAS,DEVELOPER,2312
AMRNADO,REZA,DEVELOPER,321
BETZA,GONZALES,DEVELOPER,3213
ARLOS,PERES,DEVELOPER,1231231
JOSE ,HERNADEZ,DEVELOPER,1000
CARLOS ,RITO,DEVELOPER,23323
MARTIN ,VILLEGAS,DEVELOPER,2312
AMRNADO,REZA,DEVELOPER,321
BETZA,GONZALES,DEVELOPER,3213
ARLOS,PERES,DEVELOPER,1231231
JOSE ,HERNADEZ,DEVELOPER,1000
CARLOS ,RITO,DEVELOPER,23323
MARTIN ,VILLEGAS,DEVELOPER,2312
AMRNADO,REZA,DEVELOPER,321
BETZA,GONZALES,DEVELOPER,3213
ARLOS,PERES,DEVELOPER,1231231
JOSE ,HERNADEZ,DEVELOPER,1000
CARLOS ,RITO,DEVELOPER,23323
MARTIN ,VILLEGAS,DEVELOPER,2312
AMRNADO,REZA,DEVELOPER,321
BETZA,GONZALES,DEVELOPER,3213
ARLOS,PERES,DEVELOPER,1231231
JOSE ,HERNADEZ,DEVELOPER,1000
CARLOS ,RITO,DEVELOPER,23323
MARTIN ,VILLEGAS,DEVELOPER,2312
AMRNADO,REZA,DEVELOPER,321
BETZA,GONZALES,DEVELOPER,3213
ARLOS,PERES,DEVELOPER,1231231
JOSE ,HERNADEZ,DEVELOPER,1000
CARLOS ,RITO,DEVELOPER,23323
MARTIN ,VILLEGAS,DEVELOPER,2312
AMRNADO,REZA,DEVELOPER,321
BETZA,GONZALES,DEVELOPER,3213
ARLOS,PERES,DEVELOPER,1231231
JOSE ,HERNADEZ,DEVELOPER,1000
CARLOS ,RITO,DEVELOPER,23323
MARTIN ,VILLEGAS,DEVELOPER,2312
AMRNADO,REZA,DEVELOPER,321
BETZA,GONZALES,DEVELOPER,3213
ARLOS,PERES,DEVELOPER,1231231
JOSE ,HERNADEZ,DEVELOPER,1000
CARLOS ,RITO,DEVELOPER,23323
MARTIN ,VILLEGAS,DEVELOPER,2312
AMRNADO,REZA,DEVELOPER,321
BETZA,GONZALES,DEVELOPER,3213
ARLOS,PERES,DEVELOPER,1231231
JOSE ,HERNADEZ,DEVELOPER,1000
CARLOS ,RITO,DEVELOPER,23323
MARTIN ,VILLEGAS,DEVELOPER,2312
AMRNADO,REZA,DEVELOPER,321
BETZA,GONZALES,DEVELOPER,3213
ARLOS,PERES,DEVELOPER,1231231